,PR,condition
0,10.10352245,pla_ket
1,9.895426723,pla_ket
2,9.789700407,pla_ket
3,10.04868903,pla_ket
4,11.1213614,pla_ket
5,10.83733869,pla_ket
6,10.61564779,pla_ket
7,9.779479125,pla_ket
8,11.21905383,pla_ket
9,11.42314501,pla_ket
10,11.12781185,pla_ket
11,11.46485884,pla_ket
12,11.78012369,pla_ket
13,10.91657272,pla_ket
14,10.24675837,pla_ket
15,12.27683748,pla_ket
16,11.14217151,pla_ket
17,9.934712593,pla_ket
18,10.30924697,pla_ket
19,9.679796606,pla_ket
20,10.51689316,pla_ket
21,10.75383767,pla_ket
22,10.69790651,pla_ket
23,10.896432,pla_ket
24,9.832111905,pla_ket
25,9.518419209,pla_ket
26,11.12523349,pla_ket
27,12.50604871,pla_ket
28,8.359819217,pla_ket
29,10.93176698,pla_ket
30,9.093552456,pla_ket
31,11.1170483,pla_ket
32,10.12579602,pla_ket
33,9.223922878,pla_ket
34,8.744314594,pla_ket
35,10.10110573,pla_ket
36,10.82163415,pla_ket
37,8.75005441,pla_ket
38,9.742387972,pla_ket
39,10.13776738,pla_ket
40,11.00839423,pla_ket
41,9.955232642,pla_ket
42,9.187567464,pla_ket
43,10.93628063,pla_ket
44,9.3105691,pla_ket
45,9.460691597,pla_ket
46,11.78065147,pla_ket
47,9.614680435,pla_ket
48,11.03516794,pla_ket
49,9.954778174,pla_ket
50,9.672192422,pla_ket
51,10.6894924,pla_ket
52,11.38390439,pla_ket
53,8.31924114,pla_ket
54,11.21541115,pla_ket
55,10.58033691,pla_ket
56,9.986936019,pla_ket
57,9.867601352,pla_ket
58,11.15596395,pla_ket
59,11.30537645,pla_ket
60,10.72815715,pla_ket
61,10.9433472,pla_ket
62,10.67384422,pla_ket
63,10.55143473,pla_ket
64,9.157231046,pla_ket
65,10.57883375,pla_ket
66,10.51377135,pla_ket
67,11.9973326,pla_ket
68,9.29925228,pla_ket
69,8.448804428,pla_ket
70,9.741134627,pla_ket
71,11.2759676,pla_ket
72,12.1694013,pla_ket
73,8.677908868,pla_ket
74,11.21682183,pla_ket
75,10.86088602,pla_ket
76,10.6714347,pla_ket
77,11.74601654,pla_ket
78,8.439877413,pla_ket
79,9.715366952,pla_ket
80,11.77693485,pla_ket
81,10.70637977,pla_ket
82,10.59534803,pla_ket
83,10.37766887,pla_ket
84,11.04566865,pla_ket
85,9.865384923,pla_ket
86,11.07474785,pla_ket
87,11.16061586,pla_ket
88,11.09753466,pla_ket
89,10.19329681,pla_ket
90,11.05195055,pla_ket
91,9.135456678,pla_ket
92,11.12868012,pla_ket
93,11.71899674,pla_ket
94,10.00218307,pla_ket
95,9.970071,pla_ket
96,9.680347386,pla_ket
97,9.812685951,pla_ket
98,10.6331963,pla_ket
99,8.861607916,pla_ket
100,11.915509,ket
101,11.6510912,ket
102,11.65920767,ket
103,11.25659535,ket
104,12.76647232,ket
105,11.50926977,ket
106,12.46527126,ket
107,11.30097693,ket
108,12.78948018,ket
109,12.03428622,ket
110,12.36782115,ket
111,10.56740513,ket
112,13.51379185,ket
113,11.37181127,ket
114,11.6445545,ket
115,10.68349293,ket
116,14.35933159,ket
117,12.64328146,ket
118,12.21031479,ket
119,12.43986539,ket
120,12.42863172,ket
121,12.05103141,ket
122,11.67414383,ket
123,12.17160564,ket
124,12.21089195,ket
125,11.54534892,ket
126,12.88622578,ket
127,11.28399952,ket
128,11.38815322,ket
129,12.62948525,ket
130,11.66230922,ket
131,11.66591734,ket
132,11.74397032,ket
133,12.18990524,ket
134,11.07441823,ket
135,11.46562485,ket
136,12.6838098,ket
137,11.50059756,ket
138,10.80476727,ket
139,12.95666832,ket
140,12.15816564,ket
141,11.1177752,ket
142,13.35990363,ket
143,11.19109206,ket
144,11.89316686,ket
145,12.02090804,ket
146,13.28063851,ket
147,11.15021563,ket
148,11.44876819,ket
149,12.13278601,ket
150,13.32045389,ket
151,12.84328554,ket
152,12.18144654,ket
153,11.28736059,ket
154,11.914875,ket
155,11.25142005,ket
156,11.85449436,ket
157,11.65948669,ket
158,13.87280309,ket
159,12.82903871,ket
160,12.27911921,ket
161,12.78550027,ket
162,12.25737834,ket
163,12.32461947,ket
164,11.8152591,ket
165,12.35151091,ket
166,10.89961844,ket
167,11.30508684,ket
168,12.72599931,ket
169,12.25170108,ket
170,12.2997444,ket
171,11.29870092,ket
172,11.16399995,ket
173,11.12943088,ket
174,12.28163762,ket
175,12.04407119,ket
176,12.3502684,ket
177,13.03306023,ket
178,11.86174344,ket
179,13.03333178,ket
180,12.51522866,ket
181,11.89818224,ket
182,12.110843,ket
183,10.58227351,ket
184,10.97711044,ket
185,10.95930997,ket
186,12.47691627,ket
187,12.97452208,ket
188,11.53001932,ket
189,11.12764328,ket
190,11.76978159,ket
191,12.09330342,ket
192,11.65837071,ket
193,11.94880874,ket
194,12.62951453,ket
195,13.68910113,ket
196,12.44095252,ket
197,12.77146732,ket
198,11.57038161,ket
199,12.71018379,ket
200,11.65741346,delta_ket
201,12.01406642,delta_ket
202,12.72987486,delta_ket
203,11.74671174,delta_ket
204,12.7773628,delta_ket
205,12.64285252,delta_ket
206,11.63671123,delta_ket
207,12.36081944,delta_ket
208,12.31534111,delta_ket
209,11.7576578,delta_ket
210,12.90123594,delta_ket
211,11.57751178,delta_ket
212,13.89305944,delta_ket
213,12.44821271,delta_ket
214,11.65323667,delta_ket
215,12.76111421,delta_ket
216,11.50480554,delta_ket
217,12.11509003,delta_ket
218,12.53913835,delta_ket
219,11.91951821,delta_ket
220,12.89507144,delta_ket
221,12.06286424,delta_ket
222,11.36616398,delta_ket
223,13.47003325,delta_ket
224,12.14843205,delta_ket
225,11.95856159,delta_ket
226,12.24094877,delta_ket
227,13.34252471,delta_ket
228,11.2823599,delta_ket
229,12.6209657,delta_ket
230,11.6066692,delta_ket
231,13.10117863,delta_ket
232,11.5105655,delta_ket
233,10.48297578,delta_ket
234,12.03881094,delta_ket
235,11.94496253,delta_ket
236,12.09163864,delta_ket
237,11.76566501,delta_ket
238,12.16782612,delta_ket
239,11.28184707,delta_ket
240,12.14885335,delta_ket
241,11.84776433,delta_ket
242,12.18163166,delta_ket
243,12.50426587,delta_ket
244,12.32375898,delta_ket
245,13.20143755,delta_ket
246,13.65950995,delta_ket
247,12.26796119,delta_ket
248,12.67695418,delta_ket
249,12.08470217,delta_ket
250,12.05240066,delta_ket
251,12.12314174,delta_ket
252,13.2583087,delta_ket
253,12.13026719,delta_ket
254,13.2067304,delta_ket
255,12.16268814,delta_ket
256,11.82268734,delta_ket
257,12.4397026,delta_ket
258,13.47999474,delta_ket
259,13.91511976,delta_ket
260,13.09080582,delta_ket
261,12.83135392,delta_ket
262,12.34370805,delta_ket
263,12.18123101,delta_ket
264,12.61263521,delta_ket
265,12.39042833,delta_ket
266,12.19434302,delta_ket
267,13.86971328,delta_ket
268,12.45019347,delta_ket
269,11.54709833,delta_ket
270,12.13828734,delta_ket
271,12.41570443,delta_ket
272,12.26717928,delta_ket
273,11.78395663,delta_ket
274,12.75284867,delta_ket
275,13.03080775,delta_ket
276,12.04059086,delta_ket
277,12.87229866,delta_ket
278,11.55172788,delta_ket
279,12.15004682,delta_ket
280,12.38179181,delta_ket
281,11.99263181,delta_ket
282,13.1325503,delta_ket
283,12.0170709,delta_ket
284,12.39711857,delta_ket
285,12.13387118,delta_ket
286,11.59257924,delta_ket
287,12.70623945,delta_ket
288,12.11481002,delta_ket
289,11.18002074,delta_ket
290,11.01599612,delta_ket
291,12.04551893,delta_ket
292,12.33279718,delta_ket
293,11.95771709,delta_ket
294,12.82807981,delta_ket
295,13.52401992,delta_ket
296,11.5452196,delta_ket
297,11.44766513,delta_ket
298,13.30071728,delta_ket
299,12.20336677,delta_ket
300,6.258014237,pla_psi
301,7.282811422,pla_psi
302,6.021874093,pla_psi
303,5.995854873,pla_psi
304,6.017560015,pla_psi
305,6.09477989,pla_psi
306,6.255346211,pla_psi
307,5.972338043,pla_psi
308,6.102672247,pla_psi
309,6.566351054,pla_psi
310,6.032390724,pla_psi
311,6.032932068,pla_psi
312,6.03596802,pla_psi
313,5.990837474,pla_psi
314,6.192456519,pla_psi
315,5.961426794,pla_psi
316,6.138408028,pla_psi
317,5.990664778,pla_psi
318,6.541187726,pla_psi
319,5.852976856,pla_psi
320,6.271710014,pla_psi
321,5.976347761,pla_psi
322,7.094370521,psi
323,7.532769567,psi
324,7.0483011,psi
325,7.460862556,psi
326,7.552404344,psi
327,7.525896799,psi
328,7.315243697,psi
329,7.616158696,psi
330,7.513735109,psi
331,7.59265508,psi
332,7.515322297,psi
333,7.378222602,psi
334,6.812929083,psi
335,7.232285608,psi
336,7.65572499,psi
337,7.240851684,psi
338,7.635188973,psi
339,7.618128815,psi
340,7.357009198,psi
341,7.425571248,psi
342,7.574649285,psi
343,9.476681971,psi
344,8.598895058,delta_psi
345,9.656993402,delta_psi
346,8.322803781,delta_psi
347,8.449340745,delta_psi
348,8.623777129,delta_psi
349,8.614142285,delta_psi
350,8.781236055,delta_psi
351,8.672200979,delta_psi
352,8.677802128,delta_psi
353,8.811921531,delta_psi
354,8.599639747,delta_psi
355,8.503967135,delta_psi
356,8.160016968,delta_psi
357,8.534679387,delta_psi
358,8.567803425,delta_psi
359,8.455689414,delta_psi
360,8.591458533,delta_psi
361,8.304933263,delta_psi
362,9.075843237,delta_psi
363,8.572784689,delta_psi
364,8.672339815,delta_psi
365,8.729096724,delta_psi
366,8.179138651,pla_lsd
367,8.29974917,pla_lsd
368,8.268495983,pla_lsd
369,8.869590328,pla_lsd
370,8.774258286,pla_lsd
371,8.881631478,pla_lsd
372,8.067357286,pla_lsd
373,8.034890055,pla_lsd
374,8.181452942,pla_lsd
375,8.717343394,pla_lsd
376,8.819923128,pla_lsd
377,8.810553228,pla_lsd
378,8.967526305,pla_lsd
379,9.309179874,pla_lsd
380,8.765702794,pla_lsd
381,8.320516904,pla_lsd
382,8.237730488,pla_lsd
383,8.367305074,pla_lsd
384,8.940747566,pla_lsd
385,8.130391771,pla_lsd
386,8.863507725,pla_lsd
387,8.414392629,pla_lsd
388,8.370959385,pla_lsd
389,8.514622445,pla_lsd
390,8.962213528,pla_lsd
391,8.3233456,pla_lsd
392,9.054023089,pla_lsd
393,8.479548737,pla_lsd
394,8.006107319,pla_lsd
395,7.929648411,pla_lsd
396,8.059038266,pla_lsd
397,8.501071667,pla_lsd
398,7.82448906,pla_lsd
399,8.553316885,pla_lsd
400,8.068485948,pla_lsd
401,8.156789191,pla_lsd
402,8.23055692,pla_lsd
403,8.109731344,pla_lsd
404,8.310325548,pla_lsd
405,8.816046486,pla_lsd
406,8.070532475,pla_lsd
407,8.84252249,pla_lsd
408,8.280241131,pla_lsd
409,8.411598782,pla_lsd
410,7.977545843,pla_lsd
411,8.480119854,pla_lsd
412,8.405806117,pla_lsd
413,8.579972892,pla_lsd
414,9.093073332,pla_lsd
415,8.390408284,pla_lsd
416,9.162222343,pla_lsd
417,8.545820168,pla_lsd
418,8.688447532,pla_lsd
419,8.231620485,pla_lsd
420,8.462760672,pla_lsd
421,8.297013783,pla_lsd
422,8.226668986,pla_lsd
423,8.375850263,pla_lsd
424,8.873152338,pla_lsd
425,8.145838201,pla_lsd
426,8.900775615,pla_lsd
427,8.348264799,pla_lsd
428,8.47853612,pla_lsd
429,8.04322913,pla_lsd
430,8.268667244,pla_lsd
431,8.535246131,pla_lsd
432,8.645266576,pla_lsd
433,8.54336456,pla_lsd
434,8.650284988,pla_lsd
435,9.276442181,pla_lsd
436,8.420392029,pla_lsd
437,9.154836678,pla_lsd
438,8.690890731,pla_lsd
439,8.766196502,pla_lsd
440,8.370501478,pla_lsd
441,8.588931029,pla_lsd
442,8.843376552,pla_lsd
443,8.650271505,pla_lsd
444,8.505848785,pla_lsd
445,8.469053481,pla_lsd
446,8.622177169,pla_lsd
447,9.085726297,pla_lsd
448,8.393401588,pla_lsd
449,9.173882537,pla_lsd
450,8.57059075,pla_lsd
451,8.730563427,pla_lsd
452,8.259799387,pla_lsd
453,8.505736893,pla_lsd
454,8.777353049,pla_lsd
455,8.576683655,pla_lsd
456,8.856945795,pla_lsd
457,8.030499724,pla_lsd
458,7.974968228,pla_lsd
459,8.120483334,pla_lsd
460,8.58153821,pla_lsd
461,7.861396409,pla_lsd
462,8.615052434,pla_lsd
463,8.091824535,pla_lsd
464,8.229977865,pla_lsd
465,7.782336419,pla_lsd
466,8.021700693,pla_lsd
467,8.296078035,pla_lsd
468,8.092971185,pla_lsd
469,8.371718193,pla_lsd
470,8.330028918,pla_lsd
471,8.259571477,pla_lsd
472,8.193287858,pla_lsd
473,8.317641054,pla_lsd
474,8.862499208,pla_lsd
475,8.076464023,pla_lsd
476,8.812015137,pla_lsd
477,8.338165639,pla_lsd
478,8.42208948,pla_lsd
479,8.001736191,pla_lsd
480,8.238338747,pla_lsd
481,8.49437868,pla_lsd
482,8.302612445,pla_lsd
483,8.636815921,pla_lsd
484,8.51935577,pla_lsd
485,8.041787266,pla_lsd
486,8.195331872,pla_lsd
487,8.099535036,pla_lsd
488,8.223254824,pla_lsd
489,8.79368366,pla_lsd
490,8.004315964,pla_lsd
491,8.725573125,pla_lsd
492,8.228672005,pla_lsd
493,8.339105119,pla_lsd
494,7.931067732,pla_lsd
495,8.147422091,pla_lsd
496,8.400572413,pla_lsd
497,8.214908092,pla_lsd
498,8.548246203,pla_lsd
499,8.430197942,pla_lsd
500,7.957691686,pla_lsd
501,8.196667688,pla_lsd
502,8.58375135,pla_lsd
503,8.447094162,pla_lsd
504,8.600979299,pla_lsd
505,9.395942948,pla_lsd
506,8.456530371,pla_lsd
507,9.223915421,pla_lsd
508,8.646461363,pla_lsd
509,8.73884063,pla_lsd
510,8.336277252,pla_lsd
511,8.536410662,pla_lsd
512,8.75542062,pla_lsd
513,8.604941535,pla_lsd
514,9.011064666,pla_lsd
515,8.822430884,pla_lsd
516,8.342661877,pla_lsd
517,8.60140731,pla_lsd
518,8.457148587,pla_lsd
519,8.635311864,pla_lsd
520,8.610033925,pla_lsd
521,8.762203056,pla_lsd
522,9.160718878,pla_lsd
523,8.532192859,pla_lsd
524,9.263315366,pla_lsd
525,8.695264037,pla_lsd
526,8.843663916,pla_lsd
527,8.37047913,pla_lsd
528,8.643866873,pla_lsd
529,8.939535868,pla_lsd
530,8.707553903,pla_lsd
531,8.976908307,pla_lsd
532,8.962527319,pla_lsd
533,8.454131357,pla_lsd
534,8.638481344,pla_lsd
535,8.554282734,pla_lsd
536,9.013462523,pla_lsd
537,7.929650561,pla_lsd
538,7.866696229,pla_lsd
539,7.998701507,pla_lsd
540,8.501410256,pla_lsd
541,7.762908282,pla_lsd
542,8.50110737,pla_lsd
543,7.992118574,pla_lsd
544,8.102928935,pla_lsd
545,7.678764141,pla_lsd
546,7.911895551,pla_lsd
547,8.170168589,pla_lsd
548,7.977797901,pla_lsd
549,8.282602253,pla_lsd
550,8.200378673,pla_lsd
551,7.720561763,pla_lsd
552,7.932802926,pla_lsd
553,7.853717619,pla_lsd
554,8.232136561,pla_lsd
555,8.320280415,pla_lsd
556,8.06264139,pla_lsd
557,7.976294608,pla_lsd
558,8.113314066,pla_lsd
559,8.647585616,pla_lsd
560,7.874162883,pla_lsd
561,8.611011943,pla_lsd
562,8.125874298,pla_lsd
563,8.21246902,pla_lsd
564,7.774516404,pla_lsd
565,8.033069198,pla_lsd
566,8.289387316,pla_lsd
567,8.100802569,pla_lsd
568,8.416988887,pla_lsd
569,8.313287836,pla_lsd
570,7.838143737,pla_lsd
571,8.073863305,pla_lsd
572,7.988023002,pla_lsd
573,8.390659795,pla_lsd
574,8.42786837,pla_lsd
575,7.706467524,pla_lsd
576,8.259789906,pla_lsd
577,8.201624013,pla_lsd
578,8.374874976,pla_lsd
579,8.812925136,pla_lsd
580,8.135939751,pla_lsd
581,8.877801881,pla_lsd
582,8.319798755,pla_lsd
583,8.460888538,pla_lsd
584,8.008902161,pla_lsd
585,8.254247425,pla_lsd
586,8.516444246,pla_lsd
587,8.321770786,pla_lsd
588,8.59703448,pla_lsd
589,8.555706026,pla_lsd
590,8.073822705,pla_lsd
591,8.2697373,pla_lsd
592,8.179537516,pla_lsd
593,8.568328634,pla_lsd
594,8.670265192,pla_lsd
595,7.94866385,pla_lsd
596,8.065069445,pla_lsd
597,8.074733027,pla_lsd
598,7.956846474,pla_lsd
599,8.12954468,pla_lsd
600,8.830493064,pla_lsd
601,7.940359636,pla_lsd
602,8.725297218,pla_lsd
603,8.144591541,pla_lsd
604,8.252724604,pla_lsd
605,7.813008509,pla_lsd
606,8.025227626,pla_lsd
607,8.261568183,pla_lsd
608,8.098859236,pla_lsd
609,8.481665547,pla_lsd
610,8.334645444,pla_lsd
611,7.84156472,pla_lsd
612,8.10224549,pla_lsd
613,8.004187369,pla_lsd
614,8.246308896,pla_lsd
615,8.503399268,pla_lsd
616,7.722407906,pla_lsd
617,7.874618108,pla_lsd
618,8.081149041,pla_lsd
619,8.153124986,pla_lsd
620,8.090524207,pla_lsd
621,8.226301265,pla_lsd
622,8.755169751,pla_lsd
623,7.972069754,pla_lsd
624,8.736345397,pla_lsd
625,8.219966483,pla_lsd
626,8.328612534,pla_lsd
627,7.901429736,pla_lsd
628,8.131657278,pla_lsd
629,8.393686568,pla_lsd
630,8.196503629,pla_lsd
631,8.519293659,pla_lsd
632,8.425504723,pla_lsd
633,7.941773026,pla_lsd
634,8.153530766,pla_lsd
635,8.082998963,pla_lsd
636,8.477494217,pla_lsd
637,8.548425817,pla_lsd
638,7.805495395,pla_lsd
639,7.942839335,pla_lsd
640,8.173735372,pla_lsd
641,7.96515595,pla_lsd
642,7.746147699,lsd
643,7.4949605,lsd
644,5.685310785,lsd
645,7.569266579,lsd
646,5.708872624,lsd
647,5.565751366,lsd
648,7.625723951,lsd
649,5.532233268,lsd
650,5.391664139,lsd
651,5.415416589,lsd
652,7.490211722,lsd
653,5.67719535,lsd
654,5.530493764,lsd
655,5.548029375,lsd
656,5.374664027,lsd
657,7.643181783,lsd
658,5.805362032,lsd
659,5.655987621,lsd
660,5.675531568,lsd
661,5.498063858,lsd
662,5.645391956,lsd
663,7.740689034,lsd
664,5.805506763,lsd
665,5.650836782,lsd
666,5.674866771,lsd
667,5.492955272,lsd
668,5.638185477,lsd
669,5.764210622,lsd
670,7.42131294,lsd
671,5.573863954,lsd
672,5.429807871,lsd
673,5.453287688,lsd
674,5.284122099,lsd
675,5.411218852,lsd
676,5.537560919,lsd
677,5.533495982,lsd
678,7.598189259,lsd
679,5.720519915,lsd
680,5.577437764,lsd
681,5.603779886,lsd
682,5.426726641,lsd
683,5.567372116,lsd
684,5.692433676,lsd
685,5.69394185,lsd
686,5.468776183,lsd
687,7.367555466,lsd
688,5.601325294,lsd
689,5.455319037,lsd
690,5.478753898,lsd
691,5.301878897,lsd
692,5.442348643,lsd
693,5.559575602,lsd
694,5.557513849,lsd
695,5.345913928,lsd
696,5.493250593,lsd
697,7.481623823,lsd
698,5.7151107,lsd
699,5.571659909,lsd
700,5.593934056,lsd
701,5.420851691,lsd
702,5.562082794,lsd
703,5.679509786,lsd
704,5.686977521,lsd
705,5.460989136,lsd
706,5.60953101,lsd
707,5.486743454,lsd
708,7.682300013,lsd
709,5.808617597,lsd
710,5.66289598,lsd
711,5.686093952,lsd
712,5.512401907,lsd
713,5.654178266,lsd
714,5.774180131,lsd
715,5.776871056,lsd
716,5.553129831,lsd
717,5.700160472,lsd
718,5.573253563,lsd
719,5.69204332,lsd
720,7.71005006,lsd
721,5.801113938,lsd
722,5.65228602,lsd
723,5.671122231,lsd
724,5.4922179,lsd
725,5.639058502,lsd
726,5.760455331,lsd
727,5.761707403,lsd
728,5.534100638,lsd
729,5.688710371,lsd
730,5.562184139,lsd
731,5.686048429,lsd
732,5.771640062,lsd
733,7.530347778,lsd
734,5.78802355,lsd
735,5.63647889,lsd
736,5.652661859,lsd
737,5.476431783,lsd
738,5.617636098,lsd
739,5.750341385,lsd
740,5.745021239,lsd
741,5.514577873,lsd
742,5.675850207,lsd
743,5.539514126,lsd
744,5.668088437,lsd
745,5.761968818,lsd
746,5.749882254,lsd
747,7.373582372,lsd
748,5.610149233,lsd
749,5.466776359,lsd
750,5.49274815,lsd
751,5.319806816,lsd
752,5.455921596,lsd
753,5.579160804,lsd
754,5.576073829,lsd
755,5.36424945,lsd
756,5.507478928,lsd
757,5.379086296,lsd
758,5.49938132,lsd
759,5.589570499,lsd
760,5.574689624,lsd
761,5.55602605,lsd
762,7.454234916,lsd
763,5.660415954,lsd
764,5.511785961,lsd
765,5.533085438,lsd
766,5.356272728,lsd
767,5.484061163,lsd
768,5.624389075,lsd
769,5.612033699,lsd
770,5.395792647,lsd
771,5.548740013,lsd
772,5.408872029,lsd
773,5.544427215,lsd
774,5.634558338,lsd
775,5.621549129,lsd
776,5.594989587,lsd
777,5.434887547,lsd
778,12.36339498,lsd
779,5.893218655,lsd
780,5.738472013,lsd
781,5.761050327,lsd
782,5.489283598,lsd
783,5.703092368,lsd
784,5.862758864,lsd
785,5.822666359,lsd
786,5.614316516,lsd
787,5.775189452,lsd
788,5.643276165,lsd
789,5.779976194,lsd
790,5.882416921,lsd
791,5.834407531,lsd
792,5.84527897,lsd
793,5.668774934,lsd
794,5.691312676,lsd
795,7.525280096,lsd
796,5.705654399,lsd
797,5.563828093,lsd
798,5.588973618,lsd
799,5.414941964,lsd
800,5.551357756,lsd
801,5.676779147,lsd
802,5.676119444,lsd
803,5.455416017,lsd
804,5.600286711,lsd
805,5.476161212,lsd
806,5.594414284,lsd
807,5.686809189,lsd
808,5.673053863,lsd
809,5.656909196,lsd
810,5.491072256,lsd
811,5.530838458,lsd
812,5.772305348,lsd
813,7.136891703,lsd
814,5.46726721,lsd
815,5.32163763,lsd
816,5.34668134,lsd
817,5.164567979,lsd
818,5.310928259,lsd
819,5.437677812,lsd
820,5.437573712,lsd
821,5.211492577,lsd
822,5.360507525,lsd
823,5.235588744,lsd
824,5.346920231,lsd
825,5.446200497,lsd
826,5.435659969,lsd
827,5.407831226,lsd
828,5.244093446,lsd
829,5.285399688,lsd
830,5.511849134,lsd
831,5.336819783,lsd
832,7.480754268,lsd
833,5.693525305,lsd
834,5.547101755,lsd
835,5.569171449,lsd
836,5.396133543,lsd
837,5.534013193,lsd
838,5.659442787,lsd
839,5.660578425,lsd
840,5.440841403,lsd
841,5.587150615,lsd
842,5.458171264,lsd
843,5.57770561,lsd
844,5.669140529,lsd
845,5.658127524,lsd
846,5.63931989,lsd
847,5.474794447,lsd
848,5.517803898,lsd
849,5.747851765,lsd
850,5.572181369,lsd
851,5.328354046,lsd
852,7.488722979,lsd
853,5.675182344,lsd
854,5.533533445,lsd
855,5.557882153,lsd
856,5.385020365,lsd
857,5.520089365,lsd
858,5.641339892,lsd
859,5.640683436,lsd
860,5.432089884,lsd
861,5.571553599,lsd
862,5.443027126,lsd
863,5.562715449,lsd
864,5.654232096,lsd
865,5.639560949,lsd
866,5.621107587,lsd
867,5.456194831,lsd
868,5.499570431,lsd
869,5.749967768,lsd
870,5.552812532,lsd
871,5.308226427,lsd
872,5.539688869,lsd
873,7.596385426,lsd
874,5.661297143,lsd
875,5.524657125,lsd
876,5.547272868,lsd
877,5.364246558,lsd
878,5.515048179,lsd
879,5.634222712,lsd
880,5.63752876,lsd
881,5.412755202,lsd
882,5.549047804,lsd
883,5.439310921,lsd
884,5.55614677,lsd
885,5.643576066,lsd
886,5.624611622,lsd
887,5.622388392,lsd
888,5.451640028,lsd
889,5.497089722,lsd
890,5.697659521,lsd
891,5.541112888,lsd
892,5.304841054,lsd
893,5.532626533,lsd
894,5.515801884,lsd
895,7.683123408,lsd
896,5.780055472,lsd
897,5.630327187,lsd
898,5.660198838,lsd
899,5.479867404,lsd
900,5.629444995,lsd
901,5.751947282,lsd
902,5.756014894,lsd
903,5.522702128,lsd
904,5.672312747,lsd
905,5.55186003,lsd
906,5.662869975,lsd
907,5.760843853,lsd
908,5.752993283,lsd
909,5.738374218,lsd
910,5.56418164,lsd
911,5.610815604,lsd
912,5.828380336,lsd
913,5.657440336,lsd
914,5.417007949,lsd
915,5.645686338,lsd
916,5.627651955,lsd
917,5.614370487,lsd
918,8.78361644,delta_lsd
919,8.968759042,delta_lsd
920,8.605796621,delta_lsd
921,9.147032221,delta_lsd
922,8.708282542,delta_lsd
923,8.736658569,delta_lsd
924,9.589265142,delta_lsd
925,8.942933621,delta_lsd
926,8.935455763,delta_lsd
927,9.0280618,delta_lsd
928,9.0974734,delta_lsd
929,8.695401377,delta_lsd
930,8.766938472,delta_lsd
931,8.787560039,delta_lsd
932,9.064923457,delta_lsd
933,9.20177118,delta_lsd
934,8.916535789,delta_lsd
935,8.944020531,delta_lsd
936,9.127164304,delta_lsd
937,9.260854575,delta_lsd
938,9.038588578,delta_lsd
939,8.832551693,delta_lsd
940,8.61338871,delta_lsd
941,8.663854509,delta_lsd
942,8.773290678,delta_lsd
943,9.007523407,delta_lsd
944,8.756358221,delta_lsd
945,8.965617881,delta_lsd
946,8.495121875,delta_lsd
947,8.410846336,delta_lsd
948,8.486456865,delta_lsd
949,8.565875929,delta_lsd
950,8.850442598,delta_lsd
951,8.573649323,delta_lsd
952,8.744900379,delta_lsd
953,8.460668758,delta_lsd
954,8.805581482,delta_lsd
955,8.55775863,delta_lsd
956,8.617548004,delta_lsd
957,8.728499375,delta_lsd
958,8.947435202,delta_lsd
959,8.704003306,delta_lsd
960,8.913709203,delta_lsd
961,8.622869846,delta_lsd
962,8.428311573,delta_lsd
963,8.880124248,delta_lsd
964,8.548812265,delta_lsd
965,8.618876278,delta_lsd
966,8.712392718,delta_lsd
967,8.993087925,delta_lsd
968,8.717373862,delta_lsd
969,8.915130184,delta_lsd
970,8.612012387,delta_lsd
971,8.436129405,delta_lsd
972,8.559716768,delta_lsd
973,8.829621792,delta_lsd
974,8.607182122,delta_lsd
975,8.662873813,delta_lsd
976,8.762152517,delta_lsd
977,8.993569127,delta_lsd
978,8.7460991,delta_lsd
979,8.950675387,delta_lsd
980,8.658684093,delta_lsd
981,8.455278825,delta_lsd
982,8.6142733,delta_lsd
983,8.609732409,delta_lsd
984,9.351324706,delta_lsd
985,8.960422602,delta_lsd
986,8.964334316,delta_lsd
987,9.092940982,delta_lsd
988,9.258779344,delta_lsd
989,9.060221112,delta_lsd
990,9.324173341,delta_lsd
991,9.013430859,delta_lsd
992,8.815601008,delta_lsd
993,8.964023189,delta_lsd
994,8.947563189,delta_lsd
995,9.002617717,delta_lsd
996,8.892111646,delta_lsd
997,8.624993481,delta_lsd
998,8.688525946,delta_lsd
999,8.771967118,delta_lsd
1000,9.007729663,delta_lsd
1001,8.767924901,delta_lsd
1002,8.974721195,delta_lsd
1003,8.681391387,delta_lsd
1004,8.48939132,delta_lsd
1005,8.634996161,delta_lsd
1006,8.627472082,delta_lsd
1007,8.675037839,delta_lsd
1008,9.010530402,delta_lsd
1009,8.614249897,delta_lsd
1010,8.44601186,delta_lsd
1011,8.499235814,delta_lsd
1012,8.617534017,delta_lsd
1013,8.82577208,delta_lsd
1014,8.592586766,delta_lsd
1015,8.809973682,delta_lsd
1016,8.504326382,delta_lsd
1017,8.282768778,delta_lsd
1018,8.458598167,delta_lsd
1019,8.453941508,delta_lsd
1020,8.498526691,delta_lsd
1021,8.860070858,delta_lsd
1022,8.51784904,delta_lsd
1023,8.755805488,delta_lsd
1024,8.522536293,delta_lsd
1025,8.5733557,delta_lsd
1026,8.651733716,delta_lsd
1027,8.899790887,delta_lsd
1028,8.650703904,delta_lsd
1029,8.889896573,delta_lsd
1030,8.577390118,delta_lsd
1031,8.374616733,delta_lsd
1032,8.533893928,delta_lsd
1033,8.517596786,delta_lsd
1034,8.56878004,delta_lsd
1035,8.918361547,delta_lsd
1036,8.590314715,delta_lsd
1037,8.413240781,delta_lsd
1038,8.883141753,delta_lsd
1039,8.673447973,delta_lsd
1040,8.704410622,delta_lsd
1041,8.856482316,delta_lsd
1042,9.044185027,delta_lsd
1043,8.791333826,delta_lsd
1044,9.001344076,delta_lsd
1045,8.730463483,delta_lsd
1046,8.514934106,delta_lsd
1047,8.680267493,delta_lsd
1048,8.674204453,delta_lsd
1049,8.719161991,delta_lsd
1050,9.089130706,delta_lsd
1051,8.736130548,delta_lsd
1052,8.559648013,delta_lsd
1053,8.63501311,delta_lsd
1054,8.372210085,delta_lsd
1055,8.08659896,delta_lsd
1056,8.15738513,delta_lsd
1057,8.201514477,delta_lsd
1058,8.524217004,delta_lsd
1059,8.2214048,delta_lsd
1060,8.444742165,delta_lsd
1061,8.146049401,delta_lsd
1062,7.958775676,delta_lsd
1063,8.099260903,delta_lsd
1064,8.095893526,delta_lsd
1065,8.129283161,delta_lsd
1066,8.482128272,delta_lsd
1067,8.163490623,delta_lsd
1068,7.982768825,delta_lsd
1069,8.042683813,delta_lsd
1070,8.188778014,delta_lsd
1071,9.265057272,delta_lsd
1072,8.832820869,delta_lsd
1073,8.895577524,delta_lsd
1074,8.956084539,delta_lsd
1075,9.193867654,delta_lsd
1076,8.955464566,delta_lsd
1077,9.163370971,delta_lsd
1078,8.895572321,delta_lsd
1079,8.720415401,delta_lsd
1080,8.841787062,delta_lsd
1081,8.869260769,delta_lsd
1082,8.888560235,delta_lsd
1083,9.193155586,delta_lsd
1084,8.907049207,delta_lsd
1085,8.7296593,delta_lsd
1086,8.791991574,delta_lsd
1087,8.927175336,delta_lsd
1088,8.355720196,delta_lsd
1089,8.675794379,delta_lsd
1090,8.427081295,delta_lsd
1091,8.483948177,delta_lsd
1092,8.566008757,delta_lsd
1093,8.814991191,delta_lsd
1094,8.574101118,delta_lsd
1095,8.76916502,delta_lsd
1096,8.48707369,delta_lsd
1097,8.293574009,delta_lsd
1098,8.441316667,delta_lsd
1099,8.425449532,delta_lsd
1100,8.474177227,delta_lsd
1101,8.801742761,delta_lsd
1102,8.502110454,delta_lsd
1103,8.318456492,delta_lsd
1104,8.394042684,delta_lsd
1105,8.531941856,delta_lsd
1106,7.963895769,delta_lsd
1107,8.713411268,delta_lsd
1108,8.673726355,delta_lsd
1109,8.433618257,delta_lsd
1110,8.486932761,delta_lsd
1111,8.595163705,delta_lsd
1112,8.794931912,delta_lsd
1113,8.572341107,delta_lsd
1114,8.799709756,delta_lsd
1115,8.498391353,delta_lsd
1116,8.296786033,delta_lsd
1117,8.44897539,delta_lsd
1118,8.442948074,delta_lsd
1119,8.48897406,delta_lsd
1120,8.834537438,delta_lsd
1121,8.508812046,delta_lsd
1122,8.336877672,delta_lsd
1123,8.413314162,delta_lsd
1124,8.565044958,delta_lsd
1125,7.972231728,delta_lsd
1126,8.705301963,delta_lsd
1127,8.311236526,delta_lsd
1128,9.093742288,delta_lsd
1129,8.716422225,delta_lsd
1130,8.802055296,delta_lsd
1131,8.864897724,delta_lsd
1132,9.13463744,delta_lsd
1133,8.879334316,delta_lsd
1134,9.052987949,delta_lsd
1135,8.78767452,delta_lsd
1136,8.608602394,delta_lsd
1137,8.736598327,delta_lsd
1138,8.740133189,delta_lsd
1139,8.779558795,delta_lsd
1140,9.083407758,delta_lsd
1141,8.799476,delta_lsd
1142,8.618328736,delta_lsd
1143,8.693136054,delta_lsd
1144,8.819278211,delta_lsd
1145,8.267127862,delta_lsd
1146,9.011270879,delta_lsd
1147,8.597993677,delta_lsd
1148,8.604607434,delta_lsd
1149,9.063516187,delta_lsd
1150,8.719087097,delta_lsd
1151,8.751622635,delta_lsd
1152,8.94874094,delta_lsd
1153,9.149781491,delta_lsd
1154,8.874047203,delta_lsd
1155,9.117541213,delta_lsd
1156,8.775748711,delta_lsd
1157,8.573051918,delta_lsd
1158,8.719135398,delta_lsd
1159,8.578275709,delta_lsd
1160,8.766296293,delta_lsd
1161,9.100201243,delta_lsd
1162,8.766899691,delta_lsd
1163,8.585093416,delta_lsd
1164,8.685506214,delta_lsd
1165,8.955489375,delta_lsd
1166,8.229556603,delta_lsd
1167,9.026213105,delta_lsd
1168,8.53953431,delta_lsd
1169,8.591088726,delta_lsd
1170,8.841413243,delta_lsd
1171,8.735656938,delta_lsd
1172,8.508569823,delta_lsd
1173,8.551731144,delta_lsd
1174,8.669689672,delta_lsd
1175,8.872943392,delta_lsd
1176,8.638185338,delta_lsd
1177,8.862238736,delta_lsd
1178,8.559528822,delta_lsd
1179,8.364930043,delta_lsd
1180,8.516743717,delta_lsd
1181,8.505596743,delta_lsd
1182,8.552864729,delta_lsd
1183,8.895671951,delta_lsd
1184,8.572253454,delta_lsd
1185,8.399977188,delta_lsd
1186,8.468305093,delta_lsd
1187,8.625153375,delta_lsd
1188,8.039345799,delta_lsd
1189,8.774355555,delta_lsd
1190,8.376457157,delta_lsd
1191,8.386213999,delta_lsd
1192,8.666881294,delta_lsd
1193,8.626655937,delta_lsd
1194,12.220314,ket23
1195,12.316588,ket23
1196,12.322477,ket23
1197,12.454934,ket23
1198,12.227168,ket23
1199,11.905531,ket23
1200,12.275117,ket23
1201,12.221086,ket23
1202,12.465308,ket23
1203,12.260656,ket23
1204,12.324652,ket23
1205,11.869537,ket23
1206,12.274905,ket23
1207,12.385117,ket23
1208,11.764628,ket23
1209,12.381726,ket23
1210,12.501978,ket23
1211,12.695251,ket23
1212,12.28238,ket23
1213,12.363943,ket23
1214,12.237581,ket23
1215,12.00481,ket23
1216,12.741466,ket23_high
1217,12.306904,ket23_high
1218,12.710079,ket23_high
1219,12.647613,ket23_high
1220,12.630321,ket23_high
1221,12.622661,ket23_high
1222,12.656154,ket23_high
1223,12.434469,ket23_high
1224,12.624409,ket23_high
1225,12.859813,ket23_high
1226,12.855508,ket23_high
1227,12.840924,ket23_high
1228,12.670645,ket23_high
1229,12.246897,ket23_high
1230,13.136579,ket23_high
1231,12.71217,ket23_high
1232,12.533261,ket23_high
1233,12.490415,ket23_high
1234,12.752144,ket23_high
1235,12.736258,ket23_high
1236,12.420252,ket23_high
1237,12.627427,ket23_high
1238,12.073734,ket_sub_high
1239,11.583413,ket_sub_high
1240,12.145975,ket_sub_high
1241,11.768591,ket_sub_high
1242,12.10887,ket_sub_high
1243,11.703855,ket_sub_high
1244,12.032345,ket_sub_high
1245,12.113937,ket_sub_high
1246,12.012886,ket_sub_high
1247,11.540536,ket_sub_high
1248,12.100718,ket_sub_high
1249,11.550044,ket_sub_high
1250,11.871087,ket_sub_high
1251,11.87395,ket_sub_high
1252,11.720947,ket_sub_high
1253,11.699821,ket_sub_high
1254,12.142835,ket_sub_high
1255,11.851402,ket_sub_high
1256,11.756954,ket_sub_high
1257,11.972971,ket_sub_high
1258,13.054316,ket_sub_high
1259,11.546971,ket_sub_high
1260,12.368531,ket_sub_low
1261,12.296928,ket_sub_low
1262,12.467965,ket_sub_low
1263,12.451776,ket_sub_low
1264,12.143773,ket_sub_low
1265,11.973507,ket_sub_low
1266,12.161202,ket_sub_low
1267,12.605136,ket_sub_low
1268,12.095373,ket_sub_low
1269,12.354059,ket_sub_low
1270,12.148156,ket_sub_low
1271,12.343827,ket_sub_low
1272,12.33411,ket_sub_low
1273,11.900196,ket_sub_low
1274,12.506137,ket_sub_low
1275,12.952569,ket_sub_low
1276,12.389723,ket_sub_low
1277,12.364223,ket_sub_low
1278,12.38577,ket_sub_low
1279,12.51196,ket_sub_low
1280,12.675596,ket_sub_low
1281,12.472293,ket_sub_low
1282,9.426993,pla_kstudy_high
1283,9.221059,pla_kstudy_high
1284,9.625489,pla_kstudy_high
1285,9.15432,pla_kstudy_high
1286,9.317801,pla_kstudy_high
1287,9.413679,pla_kstudy_high
1288,9.863075,pla_kstudy_high
1289,9.671147,pla_kstudy_high
1290,9.508627,pla_kstudy_high
1291,9.720532,pla_kstudy_high
1292,9.430979,pla_kstudy_high
1293,9.198737,pla_kstudy_high
1294,9.455264,pla_kstudy_high
1295,9.346682,pla_kstudy_high
1296,9.459991,pla_kstudy_high
1297,9.181658,pla_kstudy_high
1298,9.45779,pla_kstudy_high
1299,10.232278,pla_kstudy_high
1300,8.986344,pla_kstudy_high
1301,9.636068,pla_kstudy_high
1302,9.501321,pla_kstudy_high
1303,9.411844,pla_kstudy_high
1304,12.074805,pla_kstudy_low
1305,11.451604,pla_kstudy_low
1306,11.197702,pla_kstudy_low
1307,11.174368,pla_kstudy_low
1308,11.648143,pla_kstudy_low
1309,11.036606,pla_kstudy_low
1310,11.346303,pla_kstudy_low
1311,11.885298,pla_kstudy_low
1312,10.981222,pla_kstudy_low
1313,11.004985,pla_kstudy_low
1314,11.234939,pla_kstudy_low
1315,11.718024,pla_kstudy_low
1316,11.246875,pla_kstudy_low
1317,11.52005,pla_kstudy_low
1318,11.344532,pla_kstudy_low
1319,11.767316,pla_kstudy_low
1320,11.613813,pla_kstudy_low
1321,11.157818,pla_kstudy_low
1322,11.20589,pla_kstudy_low
1323,11.085975,pla_kstudy_low
1324,11.37823,pla_kstudy_low
1325,11.278564,pla_kstudy_low